{"total_return": -0.001323433014826736, "returns": [-0.0003082354317535646, -0.0006714420236387545, -0.00027959755098804607, -0.001039227207098617, 0.000582798490388894, 0.00022669118162738376, -0.00020619184129630868, -0.0005357258087569787, -0.0004897140905630673, 0.0006105100094169895, 0.00011445266602707624, -8.599476260464509e-05, -2.912955078682823e-05, -0.0003994680677563765, -0.0002773688884972905, -0.0003775115485636235, -3.268343015652298e-05, 0.0008752302421502028, -0.000489414850358492, -0.0005109957514825673, -0.000341451101052642, -0.0007763899535830694, 0.0014485259341450183, 0.0007230993300339593, 0.00015082036780606254, 5.090039222681414e-05, 8.304870956749968e-05, 9.411216625700722e-05, -4.390419550285358e-05, -6.0111066862230685e-05, -0.00010308007425430992, -0.00013056849670376282, -0.00026787631956537965, -0.00038460761849138536, 0.00016550645351144037, -0.0005223007902994318, -0.000990592997119706, -0.00012582730440099154, 0.0013589750091580013, 0.0007715329525758495, 9.706952443173898e-05, 0.0004166284378437246, 0.0003303060980400293, -4.0065773171513294e-05, 0.0001685528430530149, 0.00020224371487526294, -8.648900915937774e-05, -8.986766533217088e-05, -0.00023124847360701613, 0.00044798908744813243, -0.0001780405885246943, 0.00029222112964313396, -0.00027124349537417127, -1.3614297829092984e-05, -5.012268743261613e-05, -0.00023511393719371454, -2.566861300725678e-05, 4.469208926990177e-05, 0.00032908296580571255, -0.0002896853376760646, -0.0001543773674660532, 0.0001970217534836117, -1.8022489587334555e-05, -0.0002583405334755489, -0.00027956474827403474, -6.3707590345664e-05, 2.8891692331167515e-05, 0.0002475474101285504, 0.00017934491408650054, -7.39894772010826e-05, 5.888042775376032e-05, -0.00017184272551766514, 4.992101910421114e-05, -0.00017178097851027407, -0.00030526693439523946, 0.00041507521386910937, 0.00020240058928239755, 0.00028533401215753094, 0.00014717764012666464, -0.00015560304600444036, 0.0004231613560255664, 4.695147488181561e-05, -1.8288228260582563e-05, -0.00018409685888776697, 0.00011156092767290434, 0.00012572637005186222, 0.000173644488484354, -2.299821604235973e-05, -0.00020722418757796224, 7.964373338745913e-06, 0.00021157671917568775, -9.447004627291766e-05, 3.878421884758372e-05, 0.0002630811394611684, 0.00011952179957069935, -0.0004086027972609225, 0.00021451809419975547, 0.00016674964123071867, 0.0004125807254769641, -0.00021954120121230115, 0.00016827583608162324, -4.167085839814319e-05, 2.877796395393059e-05, -6.718112947242848e-05, 0.00020060001602183183, 6.751395882610093e-05, 1.9638527785489945e-05, -0.00025224796402187, -1.144381004599598e-05, 2.1727208974750248e-05, -4.905658451485091e-05, 0.00029223301721918786, -0.00033519364537253597, -3.571413458014064e-05, 9.704758373441221e-05, -0.00018511100203655626, 1.1513017988296431e-05, 1.5953066474712394e-05, 2.5860406383374624e-05, -5.497362117396781e-06, 5.1795858147818866e-05, 0.00019790619652070954, 0.0001734906504656676, -0.00016831581555215976, 0.0002664209522081336, -9.796926048556003e-05, -0.00011573851499607295, -0.00010574980558117988, -8.724591683414976e-05, -0.00015764526396088712, 9.131744727874522e-05, -0.00029188755865052396, -0.00033278901554404544, 0.00031522764091047905, 0.00016795316889995805, -0.00038993177355753746, 6.720069936335154e-05, 0.0004760094693035722, -1.2994548273003959e-05, 6.437884400253157e-06, -9.25331615716388e-05, 0.00011687296955767642, -8.990737384933687e-05, 7.708996939531163e-05, -0.00015217888329590484, 9.7267085547729e-05, 9.87390532301217e-05, -0.00042380686717603876, -8.344969596813542e-05, -0.00020896539287387016, -0.00011572680743605044, 4.34445531958568e-05, 0.00011666843627132754, -8.792674208740052e-05, -0.00015699335221130062, 3.4550585900463826e-05, 9.820619836390495e-05, -0.0002457057162087468, 3.339911004201931e-05, 8.183335476441683e-05, 6.511551894675085e-06, -0.00012457678418352489, 7.594867020955222e-05, 0.00015436786208565463, -0.00016809538018335116, 0.00010092171254282347, -0.00015263932933231092, -5.094703936665433e-05, 0.00020520838582428365, 3.8118777596855882e-06, -3.177815100086227e-05, -0.00017540715371999795, 0.00017928162852904605, 9.918181340404765e-06, -3.267050113146283e-05, -5.372942825188329e-05, -0.00011283816893732608, -0.00016239947033486367, 9.023568387735151e-05, 0.00026188592576720156, 0.0007458152708747383, 0.0006115001412907721, -0.00039052822977818434, -8.465587997843396e-05, -0.00037543874082807523, -3.7308043506390476e-05, -0.00018088797957654723, 0.00014107496779317298, 4.85224445874318e-05, -0.0007965495934549945, 0.00014615255501413123, -0.00024002432410706785], "max_drawdown": 0.004433714020853585,